"","Survived","Pclass","Sex","Age"
"1","Deceased","3st","male","Adulto"
"2","Survived","1st","female","Adulto"
"3","Survived","3st","female","Adulto"
"4","Survived","1st","female","Adulto"
"5","Deceased","3st","male","Adulto"
"6","Deceased","3st","male","Adulto"
"7","Deceased","1st","male","Adulto"
"8","Deceased","3st","male","Menor"
"9","Survived","3st","female","Adulto"
"10","Survived","2st","female","Menor"
"11","Survived","3st","female","Menor"
"12","Survived","1st","female","Adulto"
"13","Deceased","3st","male","Adulto"
"14","Deceased","3st","male","Adulto"
"15","Deceased","3st","female","Menor"
"16","Survived","2st","female","Adulto"
"17","Deceased","3st","male","Menor"
"18","Survived","2st","male","Adulto"
"19","Deceased","3st","female","Adulto"
"20","Survived","3st","female","Adulto"
"21","Deceased","2st","male","Adulto"
"22","Survived","2st","male","Adulto"
"23","Survived","3st","female","Menor"
"24","Survived","1st","male","Adulto"
"25","Deceased","3st","female","Menor"
"26","Survived","3st","female","Adulto"
"27","Deceased","3st","male","Adulto"
"28","Deceased","1st","male","Adulto"
"29","Survived","3st","female","Adulto"
"30","Deceased","3st","male","Adulto"
"31","Deceased","1st","male","Adulto"
"32","Survived","1st","female","Adulto"
"33","Survived","3st","female","Adulto"
"34","Deceased","2st","male","Adulto"
"35","Deceased","1st","male","Adulto"
"36","Deceased","1st","male","Adulto"
"37","Survived","3st","male","Adulto"
"38","Deceased","3st","male","Adulto"
"39","Deceased","3st","female","Adulto"
"40","Survived","3st","female","Menor"
"41","Deceased","3st","female","Adulto"
"42","Deceased","2st","female","Adulto"
"43","Deceased","3st","male","Adulto"
"44","Survived","2st","female","Menor"
"45","Survived","3st","female","Adulto"
"46","Deceased","3st","male","Adulto"
"47","Deceased","3st","male","Adulto"
"48","Survived","3st","female","Adulto"
"49","Deceased","3st","male","Menor"
"50","Deceased","3st","female","Adulto"
"51","Deceased","3st","male","Menor"
"52","Deceased","3st","male","Adulto"
"53","Survived","1st","female","Adulto"
"54","Survived","2st","female","Adulto"
"55","Deceased","1st","male","Adulto"
"56","Survived","1st","male","Adulto"
"57","Survived","2st","female","Adulto"
"58","Deceased","3st","male","Adulto"
"59","Survived","2st","female","Menor"
"60","Deceased","3st","male","Menor"
"61","Deceased","3st","male","Adulto"
"62","Survived","1st","female","Adulto"
"63","Deceased","1st","male","Adulto"
"64","Deceased","3st","male","Menor"
"65","Deceased","1st","male","Adulto"
"66","Survived","3st","male","Adulto"
"67","Survived","2st","female","Adulto"
"68","Deceased","3st","male","Adulto"
"69","Survived","3st","female","Adulto"
"70","Deceased","3st","male","Adulto"
"71","Deceased","2st","male","Adulto"
"72","Deceased","3st","female","Menor"
"73","Deceased","2st","male","Adulto"
"74","Deceased","3st","male","Adulto"
"75","Survived","3st","male","Adulto"
"76","Deceased","3st","male","Adulto"
"77","Deceased","3st","male","Adulto"
"78","Deceased","3st","male","Adulto"
"79","Survived","2st","male","Menor"
"80","Survived","3st","female","Adulto"
"81","Deceased","3st","male","Adulto"
"82","Survived","3st","male","Adulto"
"83","Survived","3st","female","Adulto"
"84","Deceased","1st","male","Adulto"
"85","Survived","2st","female","Adulto"
"86","Survived","3st","female","Adulto"
"87","Deceased","3st","male","Menor"
"88","Deceased","3st","male","Adulto"
"89","Survived","1st","female","Adulto"
"90","Deceased","3st","male","Adulto"
"91","Deceased","3st","male","Adulto"
"92","Deceased","3st","male","Adulto"
"93","Deceased","1st","male","Adulto"
"94","Deceased","3st","male","Adulto"
"95","Deceased","3st","male","Adulto"
"96","Deceased","3st","male","Adulto"
"97","Deceased","1st","male","Adulto"
"98","Survived","1st","male","Adulto"
"99","Survived","2st","female","Adulto"
"100","Deceased","2st","male","Adulto"
"101","Deceased","3st","female","Adulto"
"102","Deceased","3st","male","Adulto"
"103","Deceased","1st","male","Adulto"
"104","Deceased","3st","male","Adulto"
"105","Deceased","3st","male","Adulto"
"106","Deceased","3st","male","Adulto"
"107","Survived","3st","female","Adulto"
"108","Survived","3st","male","Adulto"
"109","Deceased","3st","male","Adulto"
"110","Survived","3st","female","Adulto"
"111","Deceased","1st","male","Adulto"
"112","Deceased","3st","female","Menor"
"113","Deceased","3st","male","Adulto"
"114","Deceased","3st","female","Adulto"
"115","Deceased","3st","female","Adulto"
"116","Deceased","3st","male","Adulto"
"117","Deceased","3st","male","Adulto"
"118","Deceased","2st","male","Adulto"
"119","Deceased","1st","male","Adulto"
"120","Deceased","3st","female","Menor"
"121","Deceased","2st","male","Adulto"
"122","Deceased","3st","male","Adulto"
"123","Deceased","2st","male","Adulto"
"124","Survived","2st","female","Adulto"
"125","Deceased","1st","male","Adulto"
"126","Survived","3st","male","Menor"
"127","Deceased","3st","male","Adulto"
"128","Survived","3st","male","Adulto"
"129","Survived","3st","female","Adulto"
"130","Deceased","3st","male","Adulto"
"131","Deceased","3st","male","Adulto"
"132","Deceased","3st","male","Adulto"
"133","Deceased","3st","female","Adulto"
"134","Survived","2st","female","Adulto"
"135","Deceased","2st","male","Adulto"
"136","Deceased","2st","male","Adulto"
"137","Survived","1st","female","Adulto"
"138","Deceased","1st","male","Adulto"
"139","Deceased","3st","male","Menor"
"140","Deceased","1st","male","Adulto"
"141","Deceased","3st","female","Adulto"
"142","Survived","3st","female","Adulto"
"143","Survived","3st","female","Adulto"
"144","Deceased","3st","male","Adulto"
"145","Deceased","2st","male","Adulto"
"146","Deceased","2st","male","Adulto"
"147","Survived","3st","male","Adulto"
"148","Deceased","3st","female","Menor"
"149","Deceased","2st","male","Adulto"
"150","Deceased","2st","male","Adulto"
"151","Deceased","2st","male","Adulto"
"152","Survived","1st","female","Adulto"
"153","Deceased","3st","male","Adulto"
"154","Deceased","3st","male","Adulto"
"155","Deceased","3st","male","Adulto"
"156","Deceased","1st","male","Adulto"
"157","Survived","3st","female","Menor"
"158","Deceased","3st","male","Adulto"
"159","Deceased","3st","male","Adulto"
"160","Deceased","3st","male","Adulto"
"161","Deceased","3st","male","Adulto"
"162","Survived","2st","female","Adulto"
"163","Deceased","3st","male","Adulto"
"164","Deceased","3st","male","Adulto"
"165","Deceased","3st","male","Menor"
"166","Survived","3st","male","Menor"
"167","Survived","1st","female","Adulto"
"168","Deceased","3st","female","Adulto"
"169","Deceased","1st","male","Adulto"
"170","Deceased","3st","male","Adulto"
"171","Deceased","1st","male","Adulto"
"172","Deceased","3st","male","Menor"
"173","Survived","3st","female","Menor"
"174","Deceased","3st","male","Adulto"
"175","Deceased","1st","male","Adulto"
"176","Deceased","3st","male","Adulto"
"177","Deceased","3st","male","Adulto"
"178","Deceased","1st","female","Adulto"
"179","Deceased","2st","male","Adulto"
"180","Deceased","3st","male","Adulto"
"181","Deceased","3st","female","Adulto"
"182","Deceased","2st","male","Adulto"
"183","Deceased","3st","male","Menor"
"184","Survived","2st","male","Menor"
"185","Survived","3st","female","Menor"
"186","Deceased","1st","male","Adulto"
"187","Survived","3st","female","Adulto"
"188","Survived","1st","male","Adulto"
"189","Deceased","3st","male","Adulto"
"190","Deceased","3st","male","Adulto"
"191","Survived","2st","female","Adulto"
"192","Deceased","2st","male","Adulto"
"193","Survived","3st","female","Adulto"
"194","Survived","2st","male","Menor"
"195","Survived","1st","female","Adulto"
"196","Survived","1st","female","Adulto"
"197","Deceased","3st","male","Adulto"
"198","Deceased","3st","male","Adulto"
"199","Survived","3st","female","Adulto"
"200","Deceased","2st","female","Adulto"
"201","Deceased","3st","male","Adulto"
"202","Deceased","3st","male","Adulto"
"203","Deceased","3st","male","Adulto"
"204","Deceased","3st","male","Adulto"
"205","Survived","3st","male","Adulto"
"206","Deceased","3st","female","Menor"
"207","Deceased","3st","male","Adulto"
"208","Survived","3st","male","Adulto"
"209","Survived","3st","female","Menor"
"210","Survived","1st","male","Adulto"
"211","Deceased","3st","male","Adulto"
"212","Survived","2st","female","Adulto"
"213","Deceased","3st","male","Adulto"
"214","Deceased","2st","male","Adulto"
"215","Deceased","3st","male","Adulto"
"216","Survived","1st","female","Adulto"
"217","Survived","3st","female","Adulto"
"218","Deceased","2st","male","Adulto"
"219","Survived","1st","female","Adulto"
"220","Deceased","2st","male","Adulto"
"221","Survived","3st","male","Menor"
"222","Deceased","2st","male","Adulto"
"223","Deceased","3st","male","Adulto"
"224","Deceased","3st","male","Adulto"
"225","Survived","1st","male","Adulto"
"226","Deceased","3st","male","Adulto"
"227","Survived","2st","male","Adulto"
"228","Deceased","3st","male","Adulto"
"229","Deceased","2st","male","Adulto"
"230","Deceased","3st","female","Adulto"
"231","Survived","1st","female","Adulto"
"232","Deceased","3st","male","Adulto"
"233","Deceased","2st","male","Adulto"
"234","Survived","3st","female","Menor"
"235","Deceased","2st","male","Adulto"
"236","Deceased","3st","female","Adulto"
"237","Deceased","2st","male","Adulto"
"238","Survived","2st","female","Menor"
"239","Deceased","2st","male","Adulto"
"240","Deceased","2st","male","Adulto"
"241","Deceased","3st","female","Adulto"
"242","Survived","3st","female","Adulto"
"243","Deceased","2st","male","Adulto"
"244","Deceased","3st","male","Adulto"
"245","Deceased","3st","male","Adulto"
"246","Deceased","1st","male","Adulto"
"247","Deceased","3st","female","Adulto"
"248","Survived","2st","female","Adulto"
"249","Survived","1st","male","Adulto"
"250","Deceased","2st","male","Adulto"
"251","Deceased","3st","male","Adulto"
"252","Deceased","3st","female","Adulto"
"253","Deceased","1st","male","Adulto"
"254","Deceased","3st","male","Adulto"
"255","Deceased","3st","female","Adulto"
"256","Survived","3st","female","Adulto"
"257","Survived","1st","female","Adulto"
"258","Survived","1st","female","Adulto"
"259","Survived","1st","female","Adulto"
"260","Survived","2st","female","Adulto"
"261","Deceased","3st","male","Adulto"
"262","Survived","3st","male","Menor"
"263","Deceased","1st","male","Adulto"
"264","Deceased","1st","male","Adulto"
"265","Deceased","3st","female","Adulto"
"266","Deceased","2st","male","Adulto"
"267","Deceased","3st","male","Menor"
"268","Survived","3st","male","Adulto"
"269","Survived","1st","female","Adulto"
"270","Survived","1st","female","Adulto"
"271","Deceased","1st","male","Adulto"
"272","Survived","3st","male","Adulto"
"273","Survived","2st","female","Adulto"
"274","Deceased","1st","male","Adulto"
"275","Survived","3st","female","Adulto"
"276","Survived","1st","female","Adulto"
"277","Deceased","3st","female","Adulto"
"278","Deceased","2st","male","Adulto"
"279","Deceased","3st","male","Menor"
"280","Survived","3st","female","Adulto"
"281","Deceased","3st","male","Adulto"
"282","Deceased","3st","male","Adulto"
"283","Deceased","3st","male","Menor"
"284","Survived","3st","male","Adulto"
"285","Deceased","1st","male","Adulto"
"286","Deceased","3st","male","Adulto"
"287","Survived","3st","male","Adulto"
"288","Deceased","3st","male","Adulto"
"289","Survived","2st","male","Adulto"
"290","Survived","3st","female","Adulto"
"291","Survived","1st","female","Adulto"
"292","Survived","1st","female","Adulto"
"293","Deceased","2st","male","Adulto"
"294","Deceased","3st","female","Adulto"
"295","Deceased","3st","male","Adulto"
"296","Deceased","1st","male","Adulto"
"297","Deceased","3st","male","Adulto"
"298","Deceased","1st","female","Menor"
"299","Survived","1st","male","Adulto"
"300","Survived","1st","female","Adulto"
"301","Survived","3st","female","Adulto"
"302","Survived","3st","male","Adulto"
"303","Deceased","3st","male","Adulto"
"304","Survived","2st","female","Adulto"
"305","Deceased","3st","male","Adulto"
"306","Survived","1st","male","Menor"
"307","Survived","1st","female","Adulto"
"308","Survived","1st","female","Adulto"
"309","Deceased","2st","male","Adulto"
"310","Survived","1st","female","Adulto"
"311","Survived","1st","female","Adulto"
"312","Survived","1st","female","Adulto"
"313","Deceased","2st","female","Adulto"
"314","Deceased","3st","male","Adulto"
"315","Deceased","2st","male","Adulto"
"316","Survived","3st","female","Adulto"
"317","Survived","2st","female","Adulto"
"318","Deceased","2st","male","Adulto"
"319","Survived","1st","female","Adulto"
"320","Survived","1st","female","Adulto"
"321","Deceased","3st","male","Adulto"
"322","Deceased","3st","male","Adulto"
"323","Survived","2st","female","Adulto"
"324","Survived","2st","female","Adulto"
"325","Deceased","3st","male","Adulto"
"326","Survived","1st","female","Adulto"
"327","Deceased","3st","male","Adulto"
"328","Survived","2st","female","Adulto"
"329","Survived","3st","female","Adulto"
"330","Survived","1st","female","Menor"
"331","Survived","3st","female","Adulto"
"332","Deceased","1st","male","Adulto"
"333","Deceased","1st","male","Adulto"
"334","Deceased","3st","male","Menor"
"335","Survived","1st","female","Adulto"
"336","Deceased","3st","male","Menor"
"337","Deceased","1st","male","Adulto"
"338","Survived","1st","female","Adulto"
"339","Survived","3st","male","Adulto"
"340","Deceased","1st","male","Adulto"
"341","Survived","2st","male","Menor"
"342","Survived","1st","female","Adulto"
"343","Deceased","2st","male","Adulto"
"344","Deceased","2st","male","Adulto"
"345","Deceased","2st","male","Adulto"
"346","Survived","2st","female","Adulto"
"347","Survived","2st","female","Adulto"
"348","Survived","3st","female","Adulto"
"349","Survived","3st","male","Menor"
"350","Deceased","3st","male","Adulto"
"351","Deceased","3st","male","Adulto"
"352","Deceased","1st","male","Adulto"
"353","Deceased","3st","male","Menor"
"354","Deceased","3st","male","Adulto"
"355","Deceased","3st","male","Adulto"
"356","Deceased","3st","male","Adulto"
"357","Survived","1st","female","Adulto"
"358","Deceased","2st","female","Adulto"
"359","Survived","3st","female","Adulto"
"360","Survived","3st","female","Adulto"
"361","Deceased","3st","male","Adulto"
"362","Deceased","2st","male","Adulto"
"363","Deceased","3st","female","Adulto"
"364","Deceased","3st","male","Adulto"
"365","Deceased","3st","male","Adulto"
"366","Deceased","3st","male","Adulto"
"367","Survived","1st","female","Adulto"
"368","Survived","3st","female","Adulto"
"369","Survived","3st","female","Adulto"
"370","Survived","1st","female","Adulto"
"371","Survived","1st","male","Adulto"
"372","Deceased","3st","male","Adulto"
"373","Deceased","3st","male","Adulto"
"374","Deceased","1st","male","Adulto"
"375","Deceased","3st","female","Menor"
"376","Survived","1st","female","Adulto"
"377","Survived","3st","female","Adulto"
"378","Deceased","1st","male","Adulto"
"379","Deceased","3st","male","Adulto"
"380","Deceased","3st","male","Adulto"
"381","Survived","1st","female","Adulto"
"382","Survived","3st","female","Menor"
"383","Deceased","3st","male","Adulto"
"384","Survived","1st","female","Adulto"
"385","Deceased","3st","male","Adulto"
"386","Deceased","2st","male","Adulto"
"387","Deceased","3st","male","Menor"
"388","Survived","2st","female","Adulto"
"389","Deceased","3st","male","Adulto"
"390","Survived","2st","female","Adulto"
"391","Survived","1st","male","Adulto"
"392","Survived","3st","male","Adulto"
"393","Deceased","3st","male","Adulto"
"394","Survived","1st","female","Adulto"
"395","Survived","3st","female","Adulto"
"396","Deceased","3st","male","Adulto"
"397","Deceased","3st","female","Adulto"
"398","Deceased","2st","male","Adulto"
"399","Deceased","2st","male","Adulto"
"400","Survived","2st","female","Adulto"
"401","Survived","3st","male","Adulto"
"402","Deceased","3st","male","Adulto"
"403","Deceased","3st","female","Adulto"
"404","Deceased","3st","male","Adulto"
"405","Deceased","3st","female","Adulto"
"406","Deceased","2st","male","Adulto"
"407","Deceased","3st","male","Adulto"
"408","Survived","2st","male","Menor"
"409","Deceased","3st","male","Adulto"
"410","Deceased","3st","female","Adulto"
"411","Deceased","3st","male","Adulto"
"412","Deceased","3st","male","Adulto"
"413","Survived","1st","female","Adulto"
"414","Deceased","2st","male","Adulto"
"415","Survived","3st","male","Adulto"
"416","Deceased","3st","female","Adulto"
"417","Survived","2st","female","Adulto"
"418","Survived","2st","female","Adulto"
"419","Deceased","2st","male","Adulto"
"420","Deceased","3st","female","Menor"
"421","Deceased","3st","male","Adulto"
"422","Deceased","3st","male","Adulto"
"423","Deceased","3st","male","Adulto"
"424","Deceased","3st","female","Adulto"
"425","Deceased","3st","male","Adulto"
"426","Deceased","3st","male","Adulto"
"427","Survived","2st","female","Adulto"
"428","Survived","2st","female","Adulto"
"429","Deceased","3st","male","Adulto"
"430","Survived","3st","male","Adulto"
"431","Survived","1st","male","Adulto"
"432","Survived","3st","female","Adulto"
"433","Survived","2st","female","Adulto"
"434","Deceased","3st","male","Adulto"
"435","Deceased","1st","male","Adulto"
"436","Survived","1st","female","Menor"
"437","Deceased","3st","female","Adulto"
"438","Survived","2st","female","Adulto"
"439","Deceased","1st","male","Adulto"
"440","Deceased","2st","male","Adulto"
"441","Survived","2st","female","Adulto"
"442","Deceased","3st","male","Adulto"
"443","Deceased","3st","male","Adulto"
"444","Survived","2st","female","Adulto"
"445","Survived","3st","male","Adulto"
"446","Survived","1st","male","Menor"
"447","Survived","2st","female","Menor"
"448","Survived","1st","male","Adulto"
"449","Survived","3st","female","Menor"
"450","Survived","1st","male","Adulto"
"451","Deceased","2st","male","Adulto"
"452","Deceased","3st","male","Adulto"
"453","Deceased","1st","male","Adulto"
"454","Survived","1st","male","Adulto"
"455","Deceased","3st","male","Adulto"
"456","Survived","3st","male","Adulto"
"457","Deceased","1st","male","Adulto"
"458","Survived","1st","female","Adulto"
"459","Survived","2st","female","Adulto"
"460","Deceased","3st","male","Adulto"
"461","Survived","1st","male","Adulto"
"462","Deceased","3st","male","Adulto"
"463","Deceased","1st","male","Adulto"
"464","Deceased","2st","male","Adulto"
"465","Deceased","3st","male","Adulto"
"466","Deceased","3st","male","Adulto"
"467","Deceased","2st","male","Adulto"
"468","Deceased","1st","male","Adulto"
"469","Deceased","3st","male","Adulto"
"470","Survived","3st","female","Menor"
"471","Deceased","3st","male","Adulto"
"472","Deceased","3st","male","Adulto"
"473","Survived","2st","female","Adulto"
"474","Survived","2st","female","Adulto"
"475","Deceased","3st","female","Adulto"
"476","Deceased","1st","male","Adulto"
"477","Deceased","2st","male","Adulto"
"478","Deceased","3st","male","Adulto"
"479","Deceased","3st","male","Adulto"
"480","Survived","3st","female","Menor"
"481","Deceased","3st","male","Menor"
"482","Deceased","2st","male","Adulto"
"483","Deceased","3st","male","Adulto"
"484","Survived","3st","female","Adulto"
"485","Survived","1st","male","Adulto"
"486","Deceased","3st","female","Adulto"
"487","Survived","1st","female","Adulto"
"488","Deceased","1st","male","Adulto"
"489","Deceased","3st","male","Adulto"
"490","Survived","3st","male","Menor"
"491","Deceased","3st","male","Adulto"
"492","Deceased","3st","male","Adulto"
"493","Deceased","1st","male","Adulto"
"494","Deceased","1st","male","Adulto"
"495","Deceased","3st","male","Adulto"
"496","Deceased","3st","male","Adulto"
"497","Survived","1st","female","Adulto"
"498","Deceased","3st","male","Adulto"
"499","Deceased","1st","female","Adulto"
"500","Deceased","3st","male","Adulto"
"501","Deceased","3st","male","Adulto"
"502","Deceased","3st","female","Adulto"
"503","Deceased","3st","female","Adulto"
"504","Deceased","3st","female","Adulto"
"505","Survived","1st","female","Menor"
"506","Deceased","1st","male","Adulto"
"507","Survived","2st","female","Adulto"
"508","Survived","1st","male","Menor"
"509","Deceased","3st","male","Adulto"
"510","Survived","3st","male","Adulto"
"511","Survived","3st","male","Adulto"
"512","Deceased","3st","male","Adulto"
"513","Survived","1st","male","Adulto"
"514","Survived","1st","female","Adulto"
"515","Deceased","3st","male","Adulto"
"516","Deceased","1st","male","Adulto"
"517","Survived","2st","female","Adulto"
"518","Deceased","3st","male","Adulto"
"519","Survived","2st","female","Adulto"
"520","Deceased","3st","male","Adulto"
"521","Survived","1st","female","Adulto"
"522","Deceased","3st","male","Adulto"
"523","Deceased","3st","male","Adulto"
"524","Survived","1st","female","Adulto"
"525","Deceased","3st","male","Adulto"
"526","Deceased","3st","male","Adulto"
"527","Survived","2st","female","Adulto"
"528","Deceased","1st","male","Adulto"
"529","Deceased","3st","male","Adulto"
"530","Deceased","2st","male","Adulto"
"531","Survived","2st","female","Menor"
"532","Deceased","3st","male","Adulto"
"533","Deceased","3st","male","Adulto"
"534","Survived","3st","female","Adulto"
"535","Deceased","3st","female","Adulto"
"536","Survived","2st","female","Menor"
"537","Deceased","1st","male","Adulto"
"538","Survived","1st","female","Adulto"
"539","Deceased","3st","male","Adulto"
"540","Survived","1st","female","Adulto"
"541","Survived","1st","female","Adulto"
"542","Deceased","3st","female","Menor"
"543","Deceased","3st","female","Menor"
"544","Survived","2st","male","Adulto"
"545","Deceased","1st","male","Adulto"
"546","Deceased","1st","male","Adulto"
"547","Survived","2st","female","Adulto"
"548","Survived","2st","male","Adulto"
"549","Deceased","3st","male","Adulto"
"550","Survived","2st","male","Menor"
"551","Survived","1st","male","Adulto"
"552","Deceased","2st","male","Adulto"
"553","Deceased","3st","male","Adulto"
"554","Survived","3st","male","Adulto"
"555","Survived","3st","female","Adulto"
"556","Deceased","1st","male","Adulto"
"557","Survived","1st","female","Adulto"
"558","Deceased","1st","male","Adulto"
"559","Survived","1st","female","Adulto"
"560","Survived","3st","female","Adulto"
"561","Deceased","3st","male","Adulto"
"562","Deceased","3st","male","Adulto"
"563","Deceased","2st","male","Adulto"
"564","Deceased","3st","male","Adulto"
"565","Deceased","3st","female","Menor"
"566","Deceased","3st","male","Adulto"
"567","Deceased","3st","male","Adulto"
"568","Deceased","3st","female","Adulto"
"569","Deceased","3st","male","Adulto"
"570","Survived","3st","male","Adulto"
"571","Survived","2st","male","Adulto"
"572","Survived","1st","female","Adulto"
"573","Survived","1st","male","Adulto"
"574","Survived","3st","female","Adulto"
"575","Deceased","3st","male","Menor"
"576","Deceased","3st","male","Adulto"
"577","Survived","2st","female","Adulto"
"578","Survived","1st","female","Adulto"
"579","Deceased","3st","female","Adulto"
"580","Survived","3st","male","Adulto"
"581","Survived","2st","female","Adulto"
"582","Survived","1st","female","Adulto"
"583","Deceased","2st","male","Adulto"
"584","Deceased","1st","male","Adulto"
"585","Deceased","3st","male","Menor"
"586","Survived","1st","female","Adulto"
"587","Deceased","2st","male","Adulto"
"588","Survived","1st","male","Adulto"
"589","Deceased","3st","male","Adulto"
"590","Deceased","3st","male","Adulto"
"591","Deceased","3st","male","Adulto"
"592","Survived","1st","female","Adulto"
"593","Deceased","3st","male","Adulto"
"594","Deceased","3st","female","Adulto"
"595","Deceased","2st","male","Adulto"
"596","Deceased","3st","male","Adulto"
"597","Survived","2st","female","Adulto"
"598","Deceased","3st","male","Adulto"
"599","Deceased","3st","male","Adulto"
"600","Survived","1st","male","Adulto"
"601","Survived","2st","female","Adulto"
"602","Deceased","3st","male","Adulto"
"603","Deceased","1st","male","Adulto"
"604","Deceased","3st","male","Adulto"
"605","Survived","1st","male","Adulto"
"606","Deceased","3st","male","Adulto"
"607","Deceased","3st","male","Adulto"
"608","Survived","1st","male","Adulto"
"609","Survived","2st","female","Adulto"
"610","Survived","1st","female","Adulto"
"611","Deceased","3st","female","Adulto"
"612","Deceased","3st","male","Adulto"
"613","Survived","3st","female","Adulto"
"614","Deceased","3st","male","Adulto"
"615","Deceased","3st","male","Adulto"
"616","Survived","2st","female","Adulto"
"617","Deceased","3st","male","Adulto"
"618","Deceased","3st","female","Adulto"
"619","Survived","2st","female","Menor"
"620","Deceased","2st","male","Adulto"
"621","Deceased","3st","male","Adulto"
"622","Survived","1st","male","Adulto"
"623","Survived","3st","male","Adulto"
"624","Deceased","3st","male","Adulto"
"625","Deceased","3st","male","Adulto"
"626","Deceased","1st","male","Adulto"
"627","Deceased","2st","male","Adulto"
"628","Survived","1st","female","Adulto"
"629","Deceased","3st","male","Adulto"
"630","Deceased","3st","male","Adulto"
"631","Survived","1st","male","Adulto"
"632","Deceased","3st","male","Adulto"
"633","Survived","1st","male","Adulto"
"634","Deceased","1st","male","Adulto"
"635","Deceased","3st","female","Menor"
"636","Survived","2st","female","Adulto"
"637","Deceased","3st","male","Adulto"
"638","Deceased","2st","male","Adulto"
"639","Deceased","3st","female","Adulto"
"640","Deceased","3st","male","Adulto"
"641","Deceased","3st","male","Adulto"
"642","Survived","1st","female","Adulto"
"643","Deceased","3st","female","Menor"
"644","Survived","3st","male","Adulto"
"645","Survived","3st","female","Menor"
"646","Survived","1st","male","Adulto"
"647","Deceased","3st","male","Adulto"
"648","Survived","1st","male","Adulto"
"649","Deceased","3st","male","Adulto"
"650","Survived","3st","female","Adulto"
"651","Deceased","3st","male","Adulto"
"652","Survived","2st","female","Adulto"
"653","Deceased","3st","male","Adulto"
"654","Survived","3st","female","Adulto"
"655","Deceased","3st","female","Adulto"
"656","Deceased","2st","male","Adulto"
"657","Deceased","3st","male","Adulto"
"658","Deceased","3st","female","Adulto"
"659","Deceased","2st","male","Adulto"
"660","Deceased","1st","male","Adulto"
"661","Survived","1st","male","Adulto"
"662","Deceased","3st","male","Adulto"
"663","Deceased","1st","male","Adulto"
"664","Deceased","3st","male","Adulto"
"665","Survived","3st","male","Adulto"
"666","Deceased","2st","male","Adulto"
"667","Deceased","2st","male","Adulto"
"668","Deceased","3st","male","Adulto"
"669","Deceased","3st","male","Adulto"
"670","Survived","1st","female","Adulto"
"671","Survived","2st","female","Adulto"
"672","Deceased","1st","male","Adulto"
"673","Deceased","2st","male","Adulto"
"674","Survived","2st","male","Adulto"
"675","Deceased","2st","male","Adulto"
"676","Deceased","3st","male","Adulto"
"677","Deceased","3st","male","Adulto"
"678","Survived","3st","female","Adulto"
"679","Deceased","3st","female","Adulto"
"680","Survived","1st","male","Adulto"
"681","Deceased","3st","female","Adulto"
"682","Survived","1st","male","Adulto"
"683","Deceased","3st","male","Adulto"
"684","Deceased","3st","male","Menor"
"685","Deceased","2st","male","Adulto"
"686","Deceased","2st","male","Adulto"
"687","Deceased","3st","male","Menor"
"688","Deceased","3st","male","Adulto"
"689","Deceased","3st","male","Adulto"
"690","Survived","1st","female","Menor"
"691","Survived","1st","male","Adulto"
"692","Survived","3st","female","Menor"
"693","Survived","3st","male","Adulto"
"694","Deceased","3st","male","Adulto"
"695","Deceased","1st","male","Adulto"
"696","Deceased","2st","male","Adulto"
"697","Deceased","3st","male","Adulto"
"698","Survived","3st","female","Adulto"
"699","Deceased","1st","male","Adulto"
"700","Deceased","3st","male","Adulto"
"701","Survived","1st","female","Adulto"
"702","Survived","1st","male","Adulto"
"703","Deceased","3st","female","Adulto"
"704","Deceased","3st","male","Adulto"
"705","Deceased","3st","male","Adulto"
"706","Deceased","2st","male","Adulto"
"707","Survived","2st","female","Adulto"
"708","Survived","1st","male","Adulto"
"709","Survived","1st","female","Adulto"
"710","Survived","3st","male","Menor"
"711","Survived","1st","female","Adulto"
"712","Deceased","1st","male","Adulto"
"713","Survived","1st","male","Adulto"
"714","Deceased","3st","male","Adulto"
"715","Deceased","2st","male","Adulto"
"716","Deceased","3st","male","Adulto"
"717","Survived","1st","female","Adulto"
"718","Survived","2st","female","Adulto"
"719","Deceased","3st","male","Adulto"
"720","Deceased","3st","male","Adulto"
"721","Survived","2st","female","Menor"
"722","Deceased","3st","male","Adulto"
"723","Deceased","2st","male","Adulto"
"724","Deceased","2st","male","Adulto"
"725","Survived","1st","male","Adulto"
"726","Deceased","3st","male","Adulto"
"727","Survived","2st","female","Adulto"
"728","Survived","3st","female","Adulto"
"729","Deceased","2st","male","Adulto"
"730","Deceased","3st","female","Adulto"
"731","Survived","1st","female","Adulto"
"732","Deceased","3st","male","Menor"
"733","Deceased","2st","male","Adulto"
"734","Deceased","2st","male","Adulto"
"735","Deceased","2st","male","Adulto"
"736","Deceased","3st","male","Adulto"
"737","Deceased","3st","female","Adulto"
"738","Survived","1st","male","Adulto"
"739","Deceased","3st","male","Adulto"
"740","Deceased","3st","male","Adulto"
"741","Survived","1st","male","Adulto"
"742","Deceased","1st","male","Adulto"
"743","Survived","1st","female","Adulto"
"744","Deceased","3st","male","Adulto"
"745","Survived","3st","male","Adulto"
"746","Deceased","1st","male","Adulto"
"747","Deceased","3st","male","Menor"
"748","Survived","2st","female","Adulto"
"749","Deceased","1st","male","Adulto"
"750","Deceased","3st","male","Adulto"
"751","Survived","2st","female","Menor"
"752","Survived","3st","male","Menor"
"753","Deceased","3st","male","Adulto"
"754","Deceased","3st","male","Adulto"
"755","Survived","2st","female","Adulto"
"756","Survived","2st","male","Menor"
"757","Deceased","3st","male","Adulto"
"758","Deceased","2st","male","Adulto"
"759","Deceased","3st","male","Adulto"
"760","Survived","1st","female","Adulto"
"761","Deceased","3st","male","Adulto"
"762","Deceased","3st","male","Adulto"
"763","Survived","3st","male","Adulto"
"764","Survived","1st","female","Adulto"
"765","Deceased","3st","male","Menor"
"766","Survived","1st","female","Adulto"
"767","Deceased","1st","male","Adulto"
"768","Deceased","3st","female","Adulto"
"769","Deceased","3st","male","Adulto"
"770","Deceased","3st","male","Adulto"
"771","Deceased","3st","male","Adulto"
"772","Deceased","3st","male","Adulto"
"773","Deceased","2st","female","Adulto"
"774","Deceased","3st","male","Adulto"
"775","Survived","2st","female","Adulto"
"776","Deceased","3st","male","Adulto"
"777","Deceased","3st","male","Adulto"
"778","Survived","3st","female","Menor"
"779","Deceased","3st","male","Adulto"
"780","Survived","1st","female","Adulto"
"781","Survived","3st","female","Menor"
"782","Survived","1st","female","Adulto"
"783","Deceased","1st","male","Adulto"
"784","Deceased","3st","male","Adulto"
"785","Deceased","3st","male","Adulto"
"786","Deceased","3st","male","Adulto"
"787","Survived","3st","female","Adulto"
"788","Deceased","3st","male","Menor"
"789","Survived","3st","male","Menor"
"790","Deceased","1st","male","Adulto"
"791","Deceased","3st","male","Adulto"
"792","Deceased","2st","male","Menor"
"793","Deceased","3st","female","Adulto"
"794","Deceased","1st","male","Adulto"
"795","Deceased","3st","male","Adulto"
"796","Deceased","2st","male","Adulto"
"797","Survived","1st","female","Adulto"
"798","Survived","3st","female","Adulto"
"799","Deceased","3st","male","Adulto"
"800","Deceased","3st","female","Adulto"
"801","Deceased","2st","male","Adulto"
"802","Survived","2st","female","Adulto"
"803","Survived","1st","male","Menor"
"804","Survived","3st","male","Menor"
"805","Survived","3st","male","Adulto"
"806","Deceased","3st","male","Adulto"
"807","Deceased","1st","male","Adulto"
"808","Deceased","3st","female","Adulto"
"809","Deceased","2st","male","Adulto"
"810","Survived","1st","female","Adulto"
"811","Deceased","3st","male","Adulto"
"812","Deceased","3st","male","Adulto"
"813","Deceased","2st","male","Adulto"
"814","Deceased","3st","female","Menor"
"815","Deceased","3st","male","Adulto"
"816","Deceased","1st","male","Adulto"
"817","Deceased","3st","female","Adulto"
"818","Deceased","2st","male","Adulto"
"819","Deceased","3st","male","Adulto"
"820","Deceased","3st","male","Menor"
"821","Survived","1st","female","Adulto"
"822","Survived","3st","male","Adulto"
"823","Deceased","1st","male","Adulto"
"824","Survived","3st","female","Adulto"
"825","Deceased","3st","male","Menor"
"826","Deceased","3st","male","Adulto"
"827","Deceased","3st","male","Adulto"
"828","Survived","2st","male","Menor"
"829","Survived","3st","male","Adulto"
"830","Survived","1st","female","Adulto"
"831","Survived","3st","female","Menor"
"832","Survived","2st","male","Menor"
"833","Deceased","3st","male","Adulto"
"834","Deceased","3st","male","Adulto"
"835","Deceased","3st","male","Adulto"
"836","Survived","1st","female","Adulto"
"837","Deceased","3st","male","Adulto"
"838","Deceased","3st","male","Adulto"
"839","Survived","3st","male","Adulto"
"840","Survived","1st","male","Adulto"
"841","Deceased","3st","male","Adulto"
"842","Deceased","2st","male","Menor"
"843","Survived","1st","female","Adulto"
"844","Deceased","3st","male","Adulto"
"845","Deceased","3st","male","Adulto"
"846","Deceased","3st","male","Adulto"
"847","Deceased","3st","male","Adulto"
"848","Deceased","3st","male","Adulto"
"849","Deceased","2st","male","Adulto"
"850","Survived","1st","female","Adulto"
"851","Deceased","3st","male","Menor"
"852","Deceased","3st","male","Adulto"
"853","Deceased","3st","female","Menor"
"854","Survived","1st","female","Menor"
"855","Deceased","2st","female","Adulto"
"856","Survived","3st","female","Adulto"
"857","Survived","1st","female","Adulto"
"858","Survived","1st","male","Adulto"
"859","Survived","3st","female","Adulto"
"860","Deceased","3st","male","Adulto"
"861","Deceased","3st","male","Adulto"
"862","Deceased","2st","male","Adulto"
"863","Survived","1st","female","Adulto"
"864","Deceased","3st","female","Adulto"
"865","Deceased","2st","male","Adulto"
"866","Survived","2st","female","Adulto"
"867","Survived","2st","female","Adulto"
"868","Deceased","1st","male","Adulto"
"869","Deceased","3st","male","Adulto"
"870","Survived","3st","male","Menor"
"871","Deceased","3st","male","Adulto"
"872","Survived","1st","female","Adulto"
"873","Deceased","1st","male","Adulto"
"874","Deceased","3st","male","Adulto"
"875","Survived","2st","female","Adulto"
"876","Survived","3st","female","Menor"
"877","Deceased","3st","male","Adulto"
"878","Deceased","3st","male","Adulto"
"879","Deceased","3st","male","Adulto"
"880","Survived","1st","female","Adulto"
"881","Survived","2st","female","Adulto"
"882","Deceased","3st","male","Adulto"
"883","Deceased","3st","female","Adulto"
"884","Deceased","2st","male","Adulto"
"885","Deceased","3st","male","Adulto"
"886","Deceased","3st","female","Adulto"
"887","Deceased","2st","male","Adulto"
"888","Survived","1st","female","Adulto"
"889","Deceased","3st","female","Adulto"
"890","Survived","1st","male","Adulto"
"891","Deceased","3st","male","Adulto"
